Index,Player,Country,Position,Club,Age,Apps,Starts,Sub,Mins,Mins/Apps,Gls,Ast,Gls-Pk,Attempted-Pks,Fouls,CrdY,CrdR,SoT,Glsper90,GlsandAssper90,Gls-Pkper90,GlsandAss-Pkper90,SoTper90,Flsper90,Crdper90
1,Neil Etheridge,PHI,GK,Cardiff City,28,38,38,0,3420,90,0,0,0,0,0,2,0,0,0.00,0.00,0.00,0.00,0.00,0.00,0.05
10,Ben Mee,ENG,DF,Burnley,28,38,38,0,3420,90,0,2,0,0,28,9,0,4,0.00,0.05,0.00,0.05,0.11,0.74,0.24
100,Víctor Camarasa,ESP,MF,Cardiff City,24,32,31,1,2579,81,5,4,1,1,25,6,0,12,0.17,0.31,0.14,0.28,0.42,0.87,0.21
101,Ashley Young,ENG,FWMFDF,Manchester United,33,30,28,2,2568,86,2,2,0,0,38,9,0,3,0.07,0.14,0.07,0.14,0.11,1.33,0.32
102,James Tomkins,ENG,MFDF,Crystal Palace,29,29,29,0,2563,88,1,1,0,0,16,5,0,6,0.04,0.07,0.04,0.07,0.21,0.56,0.18
103,Séamus Coleman,IRL,DFMF,Everton,29,29,29,0,2560,88,2,2,0,0,22,1,0,7,0.07,0.14,0.07,0.14,0.25,0.77,0.04
104,Davy Pröpper,NED,MF,Brighton & Hove Albion,26,30,30,0,2551,85,1,1,0,0,34,2,0,2,0.04,0.07,0.04,0.07,0.07,1.20,0.07
105,Troy Deeney,ENG,FW,Watford,30,32,28,4,2547,80,9,5,1,1,42,4,1,29,0.32,0.49,0.28,0.46,1.02,1.48,0.18
106,Callum Wilson,ENG,FW,Bournemouth,26,30,29,1,2535,85,14,9,1,2,42,3,0,30,0.50,0.82,0.46,0.78,1.07,1.49,0.11
107,Glenn Murray,ENG,FW,Brighton & Hove Albion,34,38,30,8,2514,66,13,1,4,4,80,5,0,21,0.47,0.50,0.32,0.36,0.75,2.86,0.18
108,Jefferson Lerma,COL,MF,Bournemouth,23,30,29,1,2510,84,2,0,0,0,44,12,0,8,0.07,0.07,0.07,0.07,0.29,1.58,0.43
109,Alexandre Lacazette,FRA,FW,Arsenal,27,35,27,8,2505,72,13,8,0,0,51,2,0,32,0.47,0.75,0.47,0.75,1.15,1.83,0.07
11,Lukasz Fabianski,POL,GK,West Ham United,33,38,38,0,3420,90,0,0,0,0,0,0,0,0,0.00,0.00,0.00,0.00,0.00,0.00,0.00
110,Granit Xhaka,SUI,MF,Arsenal,25,29,29,0,2501,86,4,2,0,0,45,10,0,12,0.14,0.22,0.14,0.22,0.43,1.62,0.36
111,Dale Stephens,ENG,MF,Brighton & Hove Albion,29,30,29,1,2486,83,1,1,0,0,44,6,1,1,0.04,0.07,0.04,0.07,0.04,1.59,0.25
112,Sergio Agüero,ARG,FW,Manchester City,30,33,31,2,2480,75,21,8,2,2,22,4,0,43,0.76,1.05,0.69,0.98,1.56,0.80,0.15
113,Sol Bamba,CIV,DF,Cardiff City,33,28,28,0,2475,88,4,1,0,0,35,7,0,7,0.15,0.18,0.15,0.18,0.25,1.27,0.25
114,DeAndre Yedlin,USA,DF,Newcastle United,25,29,28,1,2474,85,1,2,0,0,41,6,1,3,0.04,0.11,0.04,0.11,0.11,1.49,0.25
115,Solly March,ENG,MF,Brighton & Hove Albion,24,35,30,5,2473,71,1,5,0,0,29,1,0,9,0.04,0.22,0.04,0.22,0.33,1.06,0.04
116,Trent Alexander-Arnold,ENG,DFMF,Liverpool,19,29,27,2,2467,85,1,12,0,0,14,3,0,9,0.04,0.47,0.04,0.47,0.33,0.51,0.11
117,Nemanja Matic,SRB,MF,Manchester United,29,28,28,0,2440,87,1,0,0,0,27,7,0,3,0.04,0.04,0.04,0.04,0.11,1.00,0.26
118,Will Hughes,ENG,MF,Watford,23,32,31,1,2436,76,2,4,0,0,54,5,0,7,0.07,0.22,0.07,0.22,0.26,2.00,0.18
119,Harry Kane,ENG,FW,Tottenham Hotspur,25,28,27,1,2427,87,17,4,4,4,31,5,0,46,0.63,0.78,0.48,0.63,1.71,1.15,0.19
12,Ben Foster,ENG,GK,Watford,35,38,38,0,3420,90,0,0,0,0,2,1,0,0,0.00,0.00,0.00,0.00,0.00,0.05,0.03
120,Mamadou Sakho,FRA,DF,Crystal Palace,28,27,27,0,2417,90,0,0,0,0,6,2,0,1,0.00,0.00,0.00,0.00,0.04,0.22,0.07
121,David Silva,ESP,MF,Manchester City,32,33,28,5,2411,73,6,8,0,0,26,2,0,20,0.22,0.52,0.22,0.52,0.75,0.97,0.07
122,José Holebas,GRE,DFMF,Watford,34,28,27,1,2393,86,3,6,0,0,34,12,1,6,0.11,0.34,0.11,0.34,0.23,1.28,0.49
123,Ashley Barnes,AUT,FW,Burnley,28,37,26,11,2387,65,12,2,2,2,53,8,0,30,0.45,0.53,0.38,0.45,1.13,2.00,0.30
124,Fernandinho,BRA,MF,Manchester City,33,29,27,2,2381,82,1,3,0,0,40,5,0,7,0.04,0.15,0.04,0.15,0.26,1.51,0.19
125,Lucas Torreira,URU,MF,Arsenal,22,34,24,10,2379,70,2,2,0,0,37,7,1,6,0.08,0.15,0.08,0.15,0.23,1.40,0.30
126,Jonathan Hogg,ENG,MF,Huddersfield Town,29,29,29,0,2376,82,0,1,0,0,58,8,1,1,0.00,0.04,0.00,0.04,0.04,2.20,0.34
127,Diogo Jota,POR,MF,Wolverhampton Wanderers,21,33,29,4,2369,72,9,5,0,0,42,11,0,24,0.34,0.53,0.34,0.53,0.91,1.60,0.42
128,Joe Bryan,ENG,MFDF,Fulham,24,28,27,1,2350,84,0,1,0,0,25,5,0,8,0.00,0.04,0.00,0.04,0.31,0.96,0.19
129,Marcus Rashford,ENG,FW,Manchester United,20,33,26,7,2343,71,10,6,0,0,26,3,1,40,0.38,0.61,0.38,0.61,1.54,1.00,0.15
13,Nathan Aké,NED,DFMF,Bournemouth,23,38,38,0,3412,90,4,0,0,0,28,3,0,8,0.11,0.11,0.11,0.11,0.21,0.74,0.08
130,Moussa Sissoko,FRA,MF,Tottenham Hotspur,28,29,27,2,2336,81,0,3,0,0,25,2,0,3,0.00,0.12,0.00,0.12,0.12,0.96,0.08
131,Aaron Mooy,AUS,MF,Huddersfield Town,27,29,25,4,2327,80,3,1,1,1,26,4,0,14,0.12,0.15,0.08,0.12,0.54,1.01,0.15
132,Mark Noble,ENG,MF,West Ham United,31,31,29,2,2307,74,5,5,4,4,24,6,1,8,0.20,0.39,0.04,0.23,0.31,0.94,0.27
133,Ryan Sessegnon,ENG,DF,Fulham,18,35,26,9,2294,66,2,6,0,0,20,0,0,11,0.08,0.31,0.08,0.31,0.43,0.78,0.00
134,David Brooks,WAL,MF,Bournemouth,21,30,29,1,2279,76,7,5,0,0,15,3,0,20,0.28,0.47,0.28,0.47,0.79,0.59,0.12
135,Kieran Trippier,ENG,DF,Tottenham Hotspur,27,27,26,1,2278,84,1,3,0,0,20,2,0,3,0.04,0.16,0.04,0.16,0.12,0.79,0.08
136,Aron Gunnarsson,ISL,DFMF,Cardiff City,29,28,27,1,2274,81,1,1,0,0,27,5,0,4,0.04,0.08,0.04,0.08,0.16,1.07,0.20
137,Maxime Le Marchand,FRA,DFMF,Fulham,28,26,25,1,2252,87,0,1,0,0,28,5,0,0,0.00,0.04,0.00,0.04,0.00,1.12,0.20
138,Jean Seri,CIV,MF,Fulham,27,32,27,5,2250,70,1,2,0,0,33,6,0,6,0.04,0.12,0.04,0.12,0.24,1.32,0.24
139,Alex McCarthy,ENG,GK,Southampton,28,25,25,0,2250,90,0,0,0,0,0,1,0,0,0.00,0.00,0.00,0.00,0.00,0.00,0.04
14,César Azpilicueta,ESP,DF,Chelsea,28,38,38,0,3403,90,1,5,0,0,40,4,0,7,0.03,0.16,0.03,0.16,0.19,1.06,0.11
140,Robert Snodgrass,SCO,FWMF,West Ham United,30,33,25,8,2222,67,2,5,0,0,36,10,0,7,0.08,0.28,0.08,0.28,0.28,1.46,0.41
141,Sokratis Papastathopoulos,GRE,DF,Arsenal,30,25,25,0,2199,88,1,2,0,0,37,12,0,2,0.04,0.12,0.04,0.12,0.08,1.51,0.49
142,Tom Cairney,SCO,MF,Fulham,27,31,24,7,2198,71,1,1,0,0,11,0,0,5,0.04,0.08,0.04,0.08,0.20,0.45,0.00
143,Philip Billing,DEN,MF,Huddersfield Town,22,27,25,2,2191,81,2,0,0,0,38,7,0,9,0.08,0.08,0.08,0.08,0.37,1.56,0.29
144,Martín Montoya,ESP,DF,Brighton & Hove Albion,27,25,24,1,2166,87,0,1,0,0,29,4,0,1,0.00,0.04,0.00,0.04,0.04,1.20,0.17
145,Mohamed Diamé,SEN,MF,Newcastle United,31,29,24,5,2166,75,0,0,0,0,36,3,0,3,0.00,0.00,0.00,0.00,0.12,1.50,0.12
146,Ryan Bertrand,ENG,MFDF,Southampton,28,24,24,0,2160,90,1,0,0,0,27,8,0,2,0.04,0.04,0.04,0.04,0.08,1.13,0.33
147,Asmir Begovic,BIH,GK,Bournemouth,31,24,24,0,2160,90,0,0,0,0,0,0,0,0,0.00,0.00,0.00,0.00,0.00,0.00,0.00
148,Jan Bednarek,POL,DF,Southampton,22,25,24,1,2150,86,0,1,0,0,22,7,0,1,0.00,0.04,0.00,0.04,0.04,0.92,0.29
149,Mathias Jørgensen,DEN,DF,Huddersfield Town,28,24,24,0,2148,90,3,1,0,0,33,6,0,4,0.13,0.17,0.13,0.17,0.17,1.38,0.25
15,Virgil van Dijk,NED,DF,Liverpool,27,38,38,0,3385,89,4,2,0,0,12,1,0,10,0.11,0.16,0.11,0.16,0.27,0.32,0.03
150,Junior Hoilett,CAN,MFFW,Cardiff City,28,32,23,9,2143,67,3,1,0,0,35,4,0,10,0.13,0.17,0.13,0.17,0.42,1.47,0.17
151,Mattéo Guendouzi,FRA,MF,Arsenal,19,33,23,10,2142,65,0,0,0,0,25,9,0,3,0.00,0.00,0.00,0.00,0.13,1.05,0.38
152,Oriol Romeu,ESP,MF,Southampton,26,31,25,6,2139,69,1,0,0,0,46,11,0,4,0.04,0.04,0.04,0.04,0.17,1.94,0.46
153,Ilkay Gündogan,GER,MF,Manchester City,27,31,23,8,2135,69,6,3,0,0,14,3,0,11,0.25,0.38,0.25,0.38,0.46,0.59,0.13
154,Romelu Lukaku,BEL,FW,Manchester United,25,32,22,10,2130,67,12,0,0,0,18,4,0,32,0.51,0.51,0.51,0.51,1.35,0.76,0.17
155,Lucas Moura,BRA,FWMF,Tottenham Hotspur,25,32,25,7,2128,67,10,0,0,0,25,3,0,20,0.42,0.42,0.42,0.42,0.85,1.06,0.13
156,Bernard,BRA,FWMF,Everton,25,34,25,9,2128,63,1,3,0,0,17,5,0,5,0.04,0.17,0.04,0.17,0.21,0.72,0.21
157,Chris Smalling,ENG,DF,Manchester United,28,24,24,0,2128,89,1,0,0,0,22,1,0,3,0.04,0.04,0.04,0.04,0.13,0.93,0.04
158,Theo Walcott,ENG,MFFW,Everton,29,37,24,13,2122,57,5,2,0,0,11,1,0,21,0.21,0.30,0.21,0.30,0.89,0.47,0.04
159,Willian,BRA,MF,Chelsea,29,32,26,6,2108,66,3,6,0,0,12,2,0,22,0.13,0.38,0.13,0.38,0.94,0.51,0.09
16,Bruno Ecuele Manga,GAB,DF,Cardiff City,30,38,37,1,3375,89,0,1,0,0,15,0,0,4,0.00,0.03,0.00,0.03,0.11,0.40,0.00
160,Michail Antonio,ENG,FWMF,West Ham United,28,33,22,11,2099,64,6,4,0,0,35,3,0,26,0.26,0.43,0.26,0.43,1.11,1.50,0.13
161,Pablo Zabaleta,ARG,DF,West Ham United,33,26,23,3,2091,80,0,1,0,0,18,4,0,1,0.00,0.04,0.00,0.04,0.04,0.77,0.17
162,Alex Pritchard,ENG,MF,Huddersfield Town,25,30,26,4,2091,70,2,0,0,0,14,2,0,13,0.09,0.09,0.09,0.09,0.56,0.60,0.09
163,Nampalys Mendy,FRA,MF,Leicester City,26,31,23,8,2087,67,0,0,0,0,22,5,0,0,0.00,0.00,0.00,0.00,0.00,0.95,0.22
164,Gerard Deulofeu,ESP,FWMF,Watford,24,30,26,4,2081,69,10,5,0,0,14,3,0,23,0.43,0.65,0.43,0.65,0.99,0.61,0.13
165,Adam Smith,ENG,DF,Bournemouth,27,25,25,0,2072,83,1,1,0,0,18,5,1,1,0.04,0.09,0.04,0.09,0.04,0.78,0.26
166,Jeff Hendrick,IRL,MF,Burnley,26,32,25,7,2068,65,3,0,0,0,18,4,0,5,0.13,0.13,0.13,0.13,0.22,0.78,0.17
167,Chris Löwe,GERtr,MFDF,Huddersfield Town,29,29,23,6,2057,71,0,2,0,0,14,2,0,6,0.00,0.09,0.00,0.09,0.26,0.61,0.09
168,Erik Durm,GER,DFFW,Huddersfield Town,26,28,21,7,2051,73,0,1,0,0,13,0,0,0,0.00,0.04,0.00,0.04,0.00,0.57,0.00
169,Tim Ream,USA,DF,Fulham,30,26,25,1,2049,79,0,0,0,0,11,1,0,0,0.00,0.00,0.00,0.00,0.00,0.48,0.04
17,Rui Patrício,POR,GK,Wolverhampton Wanderers,30,37,37,0,3330,90,0,0,0,0,0,1,0,0,0.00,0.00,0.00,0.00,0.00,0.00,0.03
170,Son Heung-min,KOR,MFFW,Tottenham Hotspur,26,31,23,8,2047,66,12,6,0,0,11,2,1,29,0.53,0.79,0.53,0.79,1.28,0.48,0.13
171,Kiko Femenía,ESP,FWMF,Watford,27,29,22,7,2046,71,1,1,0,0,12,1,0,2,0.04,0.09,0.04,0.09,0.09,0.53,0.04
172,Jannik Vestergaard,DEN,DF,Southampton,25,23,23,0,2030,88,0,0,0,0,16,2,0,1,0.00,0.00,0.00,0.00,0.04,0.71,0.09
173,Fabián Balbuena,PAR,DF,West Ham United,26,23,23,0,2014,88,1,0,0,0,19,2,0,2,0.04,0.04,0.04,0.04,0.09,0.85,0.09
174,Fabinho,BRA,DF,Liverpool,24,28,21,7,2013,72,1,2,0,0,30,6,0,4,0.04,0.13,0.04,0.13,0.18,1.34,0.27
175,Harry Arter,IRL,MF,Cardiff City,28,25,24,1,2007,80,0,1,0,0,25,10,0,5,0.00,0.04,0.00,0.04,0.22,1.12,0.45
176,Fabian Schär,SUI,DF,Newcastle United,26,24,22,2,2004,84,4,1,0,0,28,12,0,7,0.18,0.22,0.18,0.22,0.31,1.26,0.54
177,Marko Arnautovic,AUT,MFFW,West Ham United,29,28,24,4,2001,72,10,4,1,1,31,3,0,32,0.45,0.63,0.40,0.58,1.44,1.39,0.13
178,Callum Paterson,SCO,DFFW,Cardiff City,23,27,21,6,1996,74,4,1,0,0,42,4,0,8,0.18,0.23,0.18,0.23,0.36,1.89,0.18
179,Demarai Gray,ENG,MF,Leicester City,22,34,23,11,1995,59,4,1,0,0,15,2,0,19,0.18,0.23,0.18,0.23,0.86,0.68,0.09
18,Jack Cork,ENG,DFMF,Burnley,29,37,37,0,3313,90,1,2,0,0,32,6,0,2,0.03,0.08,0.03,0.08,0.05,0.87,0.16
180,Jonny Evans,NIR,DF,Leicester City,30,24,21,3,1995,83,1,0,0,0,21,2,0,4,0.05,0.05,0.05,0.05,0.18,0.95,0.09
181,Paul Dummett,WAL,DF,Newcastle United,26,26,21,5,1987,76,0,0,0,0,11,1,0,1,0.00,0.00,0.00,0.00,0.05,0.50,0.05
182,André Gomes,POR,MF,Everton,25,27,24,3,1986,74,1,1,0,0,49,7,0,5,0.05,0.09,0.05,0.09,0.23,2.22,0.32
183,Jordan Henderson,ENG,MF,Liverpool,28,32,21,11,1981,62,1,3,0,0,26,2,0,1,0.05,0.18,0.05,0.18,0.05,1.18,0.09
184,Alex Iwobi,NGA,FW,Arsenal,22,35,22,13,1972,56,3,6,0,0,8,0,0,14,0.14,0.41,0.14,0.41,0.64,0.37,0.00
185,Joe Ralls,ENG,MF,Cardiff City,24,28,22,6,1958,70,0,0,0,1,29,4,1,3,0.00,0.00,0.00,0.00,0.14,1.33,0.23
186,Cyrus Christie,IRL,DF,Fulham,25,28,19,9,1945,70,0,1,0,0,29,7,0,3,0.00,0.05,0.00,0.05,0.14,1.34,0.32
187,Davinson Sánchez,COL,DF,Tottenham Hotspur,22,23,22,1,1943,85,1,1,0,0,20,2,0,3,0.05,0.09,0.05,0.09,0.14,0.93,0.09
188,James Ward-Prowse,ENG,MF,Southampton,23,26,21,5,1942,75,7,0,1,1,23,4,0,16,0.32,0.32,0.28,0.28,0.74,1.07,0.19
189,Wes Morgan,JAM,DF,Leicester City,34,22,21,1,1924,88,3,0,0,0,18,3,0,5,0.14,0.14,0.14,0.14,0.23,0.84,0.14
19,Wilfred Ndidi,NGA,DF,Leicester City,21,38,37,1,3298,87,2,0,0,0,47,8,0,9,0.05,0.05,0.05,0.05,0.25,1.28,0.22
190,Adrian Mariappa,JAM,DF,Watford,31,26,20,6,1921,74,0,0,0,0,19,3,0,1,0.00,0.00,0.00,0.00,0.05,0.89,0.14
191,Jan Vertonghen,BEL,DF,Tottenham Hotspur,31,22,22,0,1913,87,1,0,0,0,11,4,0,2,0.05,0.05,0.05,0.05,0.09,0.52,0.19
192,Cheikhou Kouyaté,SEN,DFMF,Crystal Palace,28,31,21,10,1897,61,0,2,0,0,35,3,0,8,0.00,0.09,0.00,0.09,0.38,1.66,0.14
193,Sead Kolašinac,BIH,MFDF,Arsenal,25,24,22,2,1890,79,0,5,0,0,21,5,0,2,0.00,0.24,0.00,0.24,0.10,1.00,0.24
194,Pascal Groß,GER,MF,Brighton & Hove Albion,27,25,24,1,1878,75,3,3,1,2,12,1,0,9,0.14,0.29,0.10,0.24,0.43,0.58,0.05
195,Angelo Ogbonna,ITA,DF,West Ham United,30,24,20,4,1870,78,1,1,0,0,15,2,0,5,0.05,0.10,0.05,0.10,0.24,0.72,0.10
196,Leroy Sané,GER,FWMF,Manchester City,22,31,21,10,1867,60,10,10,0,0,10,1,0,25,0.48,0.96,0.48,0.96,1.21,0.48,0.05
197,Isaac Hayden,ENG,DF,Newcastle United,23,25,21,4,1862,75,1,4,0,0,32,3,1,5,0.05,0.24,0.05,0.24,0.24,1.55,0.19
198,Nacho Monreal,ESP,DF,Arsenal,32,22,21,1,1861,85,1,3,0,0,17,5,0,4,0.05,0.19,0.05,0.19,0.19,0.82,0.24
199,Florent Hadergjonaj,SUI,DF,Huddersfield Town,24,24,19,5,1840,77,0,0,0,0,12,1,0,2,0.00,0.00,0.00,0.00,0.10,0.59,0.05
2,Conor Coady,ENG,MFDF,Wolverhampton Wanderers,25,38,38,0,3420,90,0,0,0,0,11,5,0,0,0.00,0.00,0.00,0.00,0.00,0.29,0.13
20,Aleksandar Mitrovic,SRB,FW,Fulham,23,37,37,0,3281,89,11,3,1,1,61,7,0,48,0.30,0.38,0.27,0.36,1.32,1.67,0.19
200,Ben Davies,WAL,DF,Tottenham Hotspur,25,27,20,7,1839,68,0,0,0,0,18,2,0,1,0.00,0.00,0.00,0.00,0.05,0.88,0.10
201,Anthony Knockaert,FRA,MFFW,Brighton & Hove Albion,26,30,18,12,1833,61,2,6,0,0,23,4,1,9,0.10,0.39,0.10,0.39,0.44,1.13,0.25
202,Dele Alli,ENG,MF,Tottenham Hotspur,22,25,22,3,1832,73,5,3,0,0,23,4,0,19,0.25,0.39,0.25,0.39,0.93,1.13,0.20
203,Josh Murphy,ENG,MF,Cardiff City,23,29,22,7,1823,63,3,2,0,0,14,2,0,16,0.15,0.25,0.15,0.25,0.79,0.69,0.10
204,Gaëtan Bong,CMR,DF,Brighton & Hove Albion,30,22,19,3,1805,82,0,0,0,0,11,0,0,0,0.00,0.00,0.00,0.00,0.00,0.55,0.00
205,Danny Rose,ENG,MFDF,Tottenham Hotspur,28,26,20,6,1798,69,0,3,0,0,26,5,0,2,0.00,0.15,0.00,0.15,0.10,1.30,0.25
206,James Milner,ENG,MF,Liverpool,32,31,19,12,1785,58,5,4,3,3,28,6,0,8,0.25,0.45,0.10,0.30,0.40,1.41,0.30
207,Pedro,ESP,FWMF,Chelsea,31,31,21,10,1780,57,8,2,0,0,17,2,0,25,0.40,0.51,0.40,0.51,1.26,0.86,0.10
208,Steve Mounié,BEN,FW,Huddersfield Town,23,31,19,12,1776,57,2,3,0,0,32,1,1,24,0.10,0.25,0.10,0.25,1.22,1.62,0.10
209,Dominic Calvert-Lewin,ENG,MF,Everton,21,35,19,16,1774,51,6,2,0,0,34,3,0,17,0.30,0.41,0.30,0.41,0.86,1.72,0.15
21,Nathan Redmond,ENG,MF,Southampton,24,38,36,2,3278,86,6,4,0,0,29,3,0,22,0.16,0.27,0.16,0.27,0.60,0.80,0.08
210,Yves Bissouma,MLI,MF,Brighton & Hove Albion,21,28,17,11,1769,63,0,0,0,0,40,5,0,3,0.00,0.00,0.00,0.00,0.15,2.04,0.25
211,John Stones,ENG,DF,Manchester City,24,24,20,4,1762,73,0,0,0,0,6,1,0,1,0.00,0.00,0.00,0.00,0.05,0.31,0.05
212,Arthur Masuaku,FRA,DF,West Ham United,24,23,19,4,1755,76,0,1,0,0,16,2,0,1,0.00,0.05,0.00,0.05,0.05,0.82,0.10
213,Vicente Guaita,ESP,GK,Crystal Palace,31,20,20,0,1755,88,0,0,0,0,1,2,0,0,0.00,0.00,0.00,0.00,0.00,0.05,0.10
214,Bernardo,BRA,DF,Brighton & Hove Albion,23,22,19,3,1750,80,0,1,0,0,18,4,0,3,0.00,0.05,0.00,0.05,0.15,0.93,0.21
215,Jóhann Berg Guðmundsson,ISL,FWMF,Burnley,27,29,19,10,1749,60,3,6,0,0,10,2,0,9,0.15,0.46,0.15,0.46,0.46,0.51,0.10
216,Matthew Lowton,ENG,DF,Burnley,29,21,19,2,1748,83,0,0,0,0,22,7,0,1,0.00,0.00,0.00,0.00,0.05,1.13,0.36
217,Mateo Kovacic,CRO,MF,Chelsea,24,32,21,11,1744,55,0,2,0,0,19,3,0,4,0.00,0.10,0.00,0.10,0.21,0.98,0.15
218,Mesut Özil,GER,MF,Arsenal,29,24,20,4,1741,73,5,2,0,0,10,2,0,6,0.26,0.36,0.26,0.36,0.31,0.52,0.10
219,Dan Gosling,ENG,DFMF,Bournemouth,28,25,19,6,1738,70,2,1,0,0,29,8,0,7,0.10,0.16,0.10,0.16,0.36,1.50,0.41
22,Mohamed Salah,EGY,MFFW,Liverpool,26,38,37,1,3262,86,22,8,3,3,25,1,0,64,0.61,0.83,0.52,0.74,1.77,0.69,0.03
220,Yann Valery,FRA,DF,Southampton,19,23,20,3,1713,75,2,1,0,0,28,4,0,5,0.11,0.16,0.11,0.16,0.26,1.47,0.21
221,Tom Heaton,ENG,GK,Burnley,32,19,19,0,1710,90,0,0,0,0,1,3,0,0,0.00,0.00,0.00,0.00,0.00,0.05,0.16
222,Joe Hart,ENG,GK,Burnley,31,19,19,0,1710,90,0,0,0,0,0,0,0,0,0.00,0.00,0.00,0.00,0.00,0.00,0.00
223,Jack Stephens,ENG,DF,Southampton,24,24,19,5,1696,71,1,0,0,0,13,4,0,5,0.05,0.05,0.05,0.05,0.27,0.69,0.21
224,Phil Bardsley,SCO,DF,Burnley,33,19,19,0,1672,88,0,0,0,0,22,9,0,1,0.00,0.00,0.00,0.00,0.05,1.18,0.48
225,Jesse Lingard,ENG,MFFW,Manchester United,25,27,19,8,1669,62,4,2,1,1,27,3,0,14,0.22,0.32,0.16,0.27,0.75,1.46,0.16
226,Danny Ings,ENG,FW,Southampton,26,24,23,1,1666,69,7,3,3,3,16,1,0,23,0.38,0.54,0.22,0.38,1.24,0.86,0.05
227,Jeffrey Schlupp,GHA,DFFWMF,Crystal Palace,25,30,18,12,1665,56,4,1,0,0,25,1,0,8,0.22,0.27,0.22,0.27,0.43,1.35,0.05
228,André Schürrle,GER,FWMF,Fulham,27,24,21,3,1651,69,6,0,0,0,17,2,0,18,0.33,0.33,0.33,0.33,0.98,0.93,0.11
229,Henrikh Mkhitaryan,ARM,MFFW,Arsenal,29,25,19,6,1644,66,6,4,0,0,27,1,0,14,0.33,0.55,0.33,0.55,0.77,1.48,0.05
23,Christopher Schindler,GER,DF,Huddersfield Town,28,37,37,0,3261,88,1,0,0,0,26,5,0,4,0.03,0.03,0.03,0.03,0.11,0.72,0.14
230,Marc Albrighton,ENG,MF,Leicester City,28,27,18,9,1626,60,2,2,0,0,10,3,0,7,0.11,0.22,0.11,0.22,0.39,0.55,0.17
231,Anthony Martial,FRA,FW,Manchester United,22,27,18,9,1624,60,10,2,1,1,14,2,0,23,0.55,0.67,0.50,0.61,1.27,0.78,0.11
232,Mario Lemina,GAB,DFMF,Southampton,24,21,18,3,1615,77,1,1,0,0,31,5,0,6,0.06,0.11,0.06,0.11,0.33,1.73,0.28
233,Dwight McNeil,ENG,MF,Burnley,18,21,19,2,1598,76,3,5,0,0,15,2,0,6,0.17,0.45,0.17,0.45,0.34,0.84,0.11
234,Harry Winks,ENG,MF,Tottenham Hotspur,22,26,17,9,1592,61,1,0,0,0,17,4,0,2,0.06,0.06,0.06,0.06,0.11,0.96,0.23
235,Aaron Cresswell,ENG,DF,West Ham United,28,20,18,2,1590,80,0,1,0,0,2,1,0,1,0.00,0.06,0.00,0.06,0.06,0.11,0.06
236,Christian Kabasele,BEL,DF,Watford,27,21,19,2,1586,76,0,0,0,0,23,4,0,2,0.00,0.00,0.00,0.00,0.11,1.31,0.23
237,Charlie Daniels,ENG,DF,Bournemouth,31,21,17,4,1583,75,1,0,0,0,8,4,0,3,0.06,0.06,0.06,0.06,0.17,0.45,0.23
238,Wayne Hennessey,WAL,GK,Crystal Palace,31,18,17,1,1575,88,0,0,0,0,0,0,0,0,0.00,0.00,0.00,0.00,0.00,0.00,0.00
239,Lee Peltier,ENG,DFMF,Cardiff City,31,20,17,3,1542,77,0,0,0,0,15,4,0,1,0.00,0.00,0.00,0.00,0.06,0.88,0.23
24,Kepa Arrizabalaga,ESP,GK,Chelsea,23,36,36,0,3240,90,0,0,0,0,0,2,0,0,0.00,0.00,0.00,0.00,0.00,0.00,0.06
240,Héctor Bellerín,ESP,DF,Arsenal,23,19,18,1,1533,81,0,5,0,0,16,3,0,4,0.00,0.29,0.00,0.29,0.23,0.94,0.18
241,Joël Matip,CMR,DFMF,Liverpool,26,22,17,5,1532,70,1,0,0,0,12,3,0,2,0.06,0.06,0.06,0.06,0.12,0.70,0.18
242,Daryl Janmaat,NED,DF,Watford,29,18,17,1,1522,85,0,2,0,0,16,3,0,1,0.00,0.12,0.00,0.12,0.06,0.95,0.18
243,Maya Yoshida,JPN,DF,Southampton,29,17,17,0,1520,89,0,1,0,0,4,0,0,3,0.00,0.06,0.00,0.06,0.18,0.24,0.00
244,Andre-Frank Zambo Anguissa,CMR,MF,Fulham,22,22,16,6,1518,69,0,0,0,0,24,2,0,5,0.00,0.00,0.00,0.00,0.30,1.42,0.12
245,Eric Dier,ENG,DFMF,Tottenham Hotspur,24,20,18,2,1509,76,3,0,0,0,24,4,0,3,0.18,0.18,0.18,0.18,0.18,1.43,0.24
246,Cédric Soares,POR,DF,Southampton,26,18,16,2,1494,83,1,2,0,0,9,4,0,3,0.06,0.18,0.06,0.18,0.18,0.54,0.24
247,Christian Atsu,GHA,MFFW,Newcastle United,26,28,15,13,1487,53,1,0,0,0,14,2,0,14,0.06,0.06,0.06,0.06,0.85,0.85,0.12
248,Federico Fernández,ARG,DF,Newcastle United,29,19,17,2,1482,78,0,1,0,0,12,2,0,1,0.00,0.06,0.00,0.06,0.06,0.73,0.12
249,Leander Dendoncker,BEL,MF,Wolverhampton Wanderers,23,19,17,2,1469,77,2,0,0,0,11,1,0,10,0.12,0.12,0.12,0.12,0.61,0.67,0.06
25,Charlie Taylor,ENG,DF,Burnley,24,38,35,3,3240,85,0,1,0,0,15,2,0,0,0.00,0.03,0.00,0.03,0.00,0.42,0.06
250,Andrew Surman,ENG,MF,Bournemouth,31,18,16,2,1438,80,0,0,0,0,8,2,0,1,0.00,0.00,0.00,0.00,0.06,0.50,0.13
251,Stuart Armstrong,SCO,MF,Southampton,26,29,16,13,1432,49,3,2,0,0,19,2,0,12,0.19,0.31,0.19,0.31,0.75,1.19,0.13
252,Bobby Reid,ENG,MF,Cardiff City,25,27,16,11,1422,53,5,2,1,1,6,0,0,9,0.32,0.44,0.25,0.38,0.57,0.38,0.00
253,Juninho Bacuna,NED,FW,Huddersfield Town,20,21,16,5,1415,67,1,0,0,0,34,4,0,8,0.06,0.06,0.06,0.06,0.51,2.16,0.25
254,Max Meyer,GER,FWMF,Crystal Palace,22,29,15,14,1413,49,1,2,0,0,10,3,0,8,0.06,0.19,0.06,0.19,0.51,0.64,0.19
255,Ander Herrera,ESP,MF,Manchester United,28,22,16,6,1404,64,2,3,0,0,21,4,0,8,0.13,0.32,0.13,0.32,0.51,1.35,0.26
256,Naby Keïta,GUI,MF,Liverpool,23,25,16,9,1392,56,2,1,0,0,24,0,0,10,0.13,0.19,0.13,0.19,0.65,1.55,0.00
257,Andre Gray,ENG,FW,Watford,27,29,13,16,1360,47,7,2,0,0,12,2,0,17,0.46,0.60,0.46,0.60,1.13,0.79,0.13
258,Hélder Costa,POR,MFFW,Wolverhampton Wanderers,24,25,16,9,1346,54,1,2,0,0,20,3,0,7,0.07,0.20,0.07,0.20,0.47,1.34,0.20
259,Kenedy,BRA,FWMF,Newcastle United,22,25,14,11,1344,54,1,1,0,1,18,1,0,6,0.07,0.13,0.07,0.13,0.40,1.21,0.07
26,Ben Chilwell,ENG,DF,Leicester City,21,36,36,0,3240,90,0,4,0,0,32,4,0,10,0.00,0.11,0.00,0.11,0.28,0.89,0.11
260,Riyad Mahrez,ALG,FWMF,Manchester City,27,27,14,13,1339,50,7,4,0,1,10,0,0,25,0.47,0.74,0.47,0.74,1.68,0.67,0.00
261,Javier Hernández,MEX,FW,West Ham United,30,25,14,11,1337,54,7,1,0,0,9,2,0,18,0.47,0.54,0.47,0.54,1.21,0.61,0.13
262,Laurent Koscielny,FRA,DF,Arsenal,32,17,13,4,1330,78,3,0,0,0,11,1,0,4,0.20,0.20,0.20,0.20,0.27,0.74,0.07
263,Aaron Ramsey,WAL,MF,Arsenal,27,28,14,14,1328,47,4,6,0,0,21,0,0,14,0.27,0.68,0.27,0.68,0.95,1.42,0.00
264,Ki Sung-yueng,KOR,MF,Newcastle United,29,18,14,4,1302,72,0,1,0,0,12,2,0,2,0.00,0.07,0.00,0.07,0.14,0.83,0.14
265,Juan Mata,ESP,MFFW,Manchester United,30,22,16,6,1293,59,3,2,0,0,10,3,0,6,0.21,0.35,0.21,0.35,0.42,0.70,0.21
266,Shane Long,IRL,FW,Southampton,31,26,12,14,1270,49,5,1,0,0,26,3,0,10,0.35,0.43,0.35,0.43,0.71,1.84,0.21
267,Phil Jones,ENG,MFDF,Manchester United,26,18,15,3,1261,70,0,1,0,0,8,1,0,2,0.00,0.07,0.00,0.07,0.14,0.57,0.07
268,Ryan Babel,NED,FWMF,Fulham,31,16,15,1,1260,79,5,3,0,0,15,3,0,9,0.36,0.57,0.36,0.57,0.64,1.07,0.21
269,Ross Barkley,ENG,MF,Chelsea,24,27,13,14,1241,46,3,5,0,0,14,1,0,9,0.22,0.58,0.22,0.58,0.65,1.02,0.07
27,David Luiz,BRA,DFMF,Chelsea,31,36,36,0,3239,90,3,2,0,0,34,3,0,8,0.08,0.14,0.08,0.14,0.22,0.94,0.08
270,Nicolás Otamendi,ARG,DF,Manchester City,30,18,14,4,1233,69,0,0,0,0,8,1,0,3,0.00,0.00,0.00,0.00,0.22,0.58,0.07
271,Simon Francis,ENG,DF,Bournemouth,33,17,13,4,1227,72,0,2,0,0,10,1,0,1,0.00,0.15,0.00,0.15,0.07,0.73,0.07
272,Jürgen Locadia,NED,FW,Brighton & Hove Albion,24,26,12,14,1227,47,2,0,0,0,22,1,0,10,0.15,0.15,0.15,0.15,0.73,1.61,0.07
273,Vincent Kompany,BEL,DF,Manchester City,32,17,13,4,1223,72,1,0,0,0,17,6,0,1,0.07,0.07,0.07,0.07,0.07,1.25,0.44
274,Aaron Lennon,ENG,FWMF,Burnley,31,16,14,2,1216,76,1,1,0,0,12,1,0,2,0.07,0.15,0.07,0.15,0.15,0.89,0.07
275,Matt Targett,ENG,DF,Southampton,22,16,13,3,1187,74,1,3,0,0,8,2,0,3,0.08,0.30,0.08,0.30,0.23,0.61,0.15
276,Jordan Ayew,GHA,FW,Crystal Palace,26,20,14,6,1186,59,1,2,0,0,32,3,0,3,0.08,0.23,0.08,0.23,0.23,2.43,0.23
277,Elias Kachunga,GER,FW,Huddersfield Town,26,20,13,7,1181,59,0,0,0,0,24,2,0,3,0.00,0.00,0.00,0.00,0.23,1.83,0.15
278,Wesley Hoedt,NED,DF,Southampton,24,13,13,0,1170,90,0,0,0,0,15,2,0,1,0.00,0.00,0.00,0.00,0.08,1.15,0.15
279,Oleksandr Zinchenko,UKR,MF,Manchester City,21,14,14,0,1153,82,0,3,0,0,15,1,0,1,0.00,0.23,0.00,0.23,0.08,1.17,0.08
28,Andrew Robertson,SCO,DF,Liverpool,24,36,36,0,3219,89,0,11,0,0,20,4,0,5,0.00,0.31,0.00,0.31,0.14,0.56,0.11
280,Nathaniel Clyne,ENG,DF,Bournemouth,27,14,13,1,1145,82,0,1,0,0,9,2,0,0,0.00,0.08,0.00,0.08,0.00,0.71,0.16
281,Romain Saïss,MAR,DF,Wolverhampton Wanderers,28,19,12,7,1144,60,2,0,0,0,27,7,0,5,0.16,0.16,0.16,0.16,0.39,2.12,0.55
282,Tommy Smith,ENG,DF,Huddersfield Town,26,15,13,2,1141,76,0,0,0,0,11,2,1,0,0.00,0.00,0.00,0.00,0.00,0.87,0.24
283,Bruno,ESP,DF,Brighton & Hove Albion,37,14,14,0,1136,81,0,1,0,0,4,2,0,0,0.00,0.08,0.00,0.08,0.00,0.32,0.16
284,Alfie Mawson,ENG,DF,Fulham,24,15,13,2,1130,75,0,0,0,0,6,2,0,1,0.00,0.00,0.00,0.00,0.08,0.48,0.16
285,Pedro Obiang,ESP,MF,West Ham United,26,24,12,12,1120,47,0,1,0,0,15,0,0,1,0.00,0.08,0.00,0.08,0.08,1.21,0.00
286,Martin Kelly,ENG,MFDF,Crystal Palace,28,13,12,1,1110,85,0,0,0,0,6,2,0,1,0.00,0.00,0.00,0.00,0.08,0.49,0.16
287,Javier Manquillo,ESP,DF,Newcastle United,24,18,12,6,1097,61,0,3,0,0,13,2,0,1,0.00,0.25,0.00,0.25,0.08,1.07,0.16
288,Youri Tielemans,BEL,MF,Leicester City,21,13,13,0,1092,84,3,4,0,0,11,2,0,12,0.25,0.58,0.25,0.58,0.99,0.91,0.16
289,Gonzalo Higuaín,ARG,MFFW,Chelsea,30,14,13,1,1092,78,5,0,0,0,6,0,0,15,0.41,0.41,0.41,0.41,1.24,0.49,0.00
29,Patrick van Aanholt,NED,DF,Crystal Palace,27,36,36,0,3198,89,3,2,0,0,12,3,0,12,0.08,0.14,0.08,0.14,0.34,0.34,0.08
290,Ryan Fredericks,ENG,DF,West Ham United,25,15,12,3,1086,72,1,0,0,0,9,5,0,2,0.08,0.08,0.08,0.08,0.17,0.75,0.41
291,Artur Boruc,POL,GK,Bournemouth,38,12,12,0,1080,90,0,0,0,0,0,2,0,0,0.00,0.00,0.00,0.00,0.00,0.00,0.17
292,Angus Gunn,ENG,GK,Southampton,22,12,12,0,1080,90,0,0,0,0,0,0,0,0,0.00,0.00,0.00,0.00,0.00,0.00,0.00
293,Laurent Depoitre,BEL,FW,Huddersfield Town,29,23,10,13,1061,46,0,1,0,0,19,1,0,7,0.00,0.08,0.00,0.08,0.59,1.61,0.08
294,Joe Gomez,ENG,DF,Liverpool,21,16,12,4,1060,66,0,0,0,0,12,2,0,1,0.00,0.00,0.00,0.00,0.08,1.02,0.17
295,Xherdan Shaqiri,SUI,MF,Liverpool,26,24,11,13,1057,44,6,3,0,0,9,2,0,10,0.51,0.77,0.51,0.77,0.85,0.77,0.17
296,Florian Lejeune,FRA,MFDF,Newcastle United,27,12,12,0,1055,88,0,0,0,0,11,0,0,2,0.00,0.00,0.00,0.00,0.17,0.94,0.00
297,Cenk Tosun,TUR,FW,Everton,27,25,10,15,1050,42,3,3,0,0,17,3,0,17,0.26,0.51,0.26,0.51,1.46,1.46,0.26
298,Fred,BRA,MFFW,Manchester United,25,17,13,4,1044,61,1,1,0,0,25,2,0,2,0.09,0.17,0.09,0.17,0.17,2.16,0.17
299,Isaac Success,NGA,FW,Watford,22,30,9,21,1037,35,1,1,0,0,24,4,0,10,0.09,0.17,0.09,0.17,0.87,2.08,0.35
3,Luka Milivojevic,SRB,MF,Crystal Palace,27,38,38,0,3420,90,12,2,10,11,60,10,0,25,0.32,0.37,0.05,0.11,0.66,1.58,0.26
30,Ryan Fraser,SCO,MF,Bournemouth,24,38,35,3,3173,84,7,14,0,0,6,2,0,25,0.20,0.60,0.20,0.60,0.71,0.17,0.06
300,Junior Stanislas,ENG,MF,Bournemouth,28,23,11,12,1027,45,2,3,1,1,6,1,0,10,0.18,0.44,0.09,0.35,0.88,0.53,0.09
301,Alireza Jahanbakhsh,IRN,MFFW,Brighton & Hove Albion,24,19,12,7,1021,54,0,0,0,0,19,2,0,6,0.00,0.00,0.00,0.00,0.53,1.67,0.18
302,Gabriel Jesus,BRA,FW,Manchester City,21,29,8,21,1019,35,7,3,1,1,12,1,0,25,0.62,0.88,0.53,0.79,2.21,1.06,0.09
303,Diogo Dalot,POR,DF,Manchester United,19,16,12,4,1014,63,0,2,0,0,12,3,0,0,0.00,0.18,0.00,0.18,0.00,1.07,0.27
304,Harvey Barnes,ENG,MF,Leicester City,20,16,11,5,1009,63,1,2,0,0,7,0,0,10,0.09,0.27,0.09,0.27,0.89,0.62,0.00
305,Adam Masina,ITA,DF,Watford,24,14,11,3,1003,72,0,1,0,0,17,5,0,0,0.00,0.09,0.00,0.09,0.00,1.53,0.45
306,Dejan Lovren,CRO,DF,Liverpool,29,13,11,2,985,76,1,0,0,0,3,1,0,1,0.09,0.09,0.09,0.09,0.09,0.27,0.09
307,Luciano Vietto,ARG,FWMF,Fulham,24,20,10,10,985,49,1,4,0,0,13,1,0,8,0.09,0.46,0.09,0.46,0.73,1.19,0.09
308,Nathaniel Mendez-Laing,ENG,MF,Cardiff City,26,20,11,9,985,49,4,1,1,1,7,0,0,10,0.37,0.46,0.27,0.37,0.91,0.64,0.00
309,Ainsley Maitland-Niles,ENG,FWMF,Arsenal,20,16,11,5,985,62,1,1,0,0,8,2,0,3,0.09,0.18,0.09,0.18,0.27,0.73,0.18
31,Willy Boly,FRA,DF,Wolverhampton Wanderers,27,36,36,0,3168,88,4,0,0,0,29,2,1,6,0.11,0.11,0.11,0.11,0.17,0.82,0.09
310,Ruben Loftus-Cheek,ENG,MF,Chelsea,22,24,6,18,983,41,6,2,0,0,10,0,0,8,0.55,0.73,0.55,0.73,0.73,0.92,0.00
311,Isaac Mbenza,BEL,FW,Huddersfield Town,22,22,10,12,982,45,1,1,0,0,9,1,0,5,0.09,0.18,0.09,0.18,0.46,0.82,0.09
312,Charlie Austin,ENG,FW,Southampton,29,25,11,14,980,39,2,2,0,1,14,1,0,9,0.18,0.37,0.18,0.37,0.83,1.29,0.09
313,Tom Davies,ENG,MF,Everton,20,16,10,6,975,61,0,0,0,0,21,3,0,2,0.00,0.00,0.00,0.00,0.18,1.94,0.28
314,Kevin De Bruyne,BEL,MF,Manchester City,27,19,11,8,974,51,2,2,0,0,10,2,0,13,0.18,0.37,0.18,0.37,1.20,0.92,0.18
315,Érik Lamela,ARG,MFFW,Tottenham Hotspur,26,19,9,10,972,51,4,2,0,0,23,2,0,11,0.37,0.56,0.37,0.56,1.02,2.13,0.19
316,Jonjo Shelvey,ENG,MF,Newcastle United,26,16,10,6,944,59,1,1,0,0,16,1,0,8,0.10,0.19,0.10,0.19,0.76,1.53,0.10
317,Álvaro Morata,ESP,FW,Chelsea,25,16,11,5,943,59,5,0,0,0,19,3,0,16,0.48,0.48,0.48,0.48,1.53,1.81,0.29
318,Stephan Lichtsteiner,SUI,DFMF,Arsenal,34,14,10,4,940,67,0,0,0,0,11,3,0,0,0.00,0.00,0.00,0.00,0.00,1.05,0.29
319,Oumar Niasse,SEN,FWMF,Cardiff City,28,13,12,1,940,72,0,0,0,0,8,0,0,6,0.00,0.00,0.00,0.00,0.57,0.77,0.00
32,Jorginho,ITA,MF,Chelsea,26,37,37,0,3165,86,2,0,1,1,33,8,0,7,0.06,0.06,0.03,0.03,0.20,0.94,0.23
320,Beram Kayal,ISR,MF,Brighton & Hove Albion,30,18,9,9,933,52,1,1,0,0,18,4,0,2,0.10,0.19,0.10,0.19,0.19,1.74,0.39
321,Kelechi Iheanacho,NGA,FW,Leicester City,21,30,9,21,926,31,1,3,0,0,14,2,0,6,0.10,0.39,0.10,0.39,0.58,1.36,0.19
322,Sam Vokes,WAL,FW,Burnley,28,20,10,10,913,46,3,0,0,0,14,0,0,7,0.30,0.30,0.30,0.30,0.69,1.38,0.00
323,Benjamin Mendy,FRA,DF,Manchester City,24,10,10,0,900,90,0,5,0,0,12,1,0,3,0.00,0.50,0.00,0.50,0.30,1.20,0.10
324,Adama Traoré,ESP,MFFW,Wolverhampton Wanderers,22,29,8,21,891,31,1,1,0,0,15,1,0,7,0.10,0.20,0.10,0.20,0.71,1.52,0.10
325,Yerry Mina,COL,DF,Everton,23,13,10,3,890,69,1,0,0,0,13,3,0,1,0.10,0.10,0.10,0.10,0.10,1.31,0.30
326,Juan Foyth,ARG,DF,Tottenham Hotspur,20,12,10,2,888,74,1,0,0,0,16,3,1,1,0.10,0.10,0.10,0.10,0.10,1.62,0.41
327,Alexis Sánchez,CHI,MFFW,Manchester United,29,20,9,11,877,44,1,3,0,0,15,3,0,9,0.10,0.41,0.10,0.41,0.92,1.54,0.31
328,Karlan Ahearne-Grant,ENG,FW,Huddersfield Town,20,13,9,4,874,67,3,0,0,0,8,0,0,11,0.31,0.31,0.31,0.31,1.13,0.82,0.00
329,Florin Andone,ROU,FW,Brighton & Hove Albion,25,23,8,15,873,38,3,0,0,0,28,5,0,9,0.31,0.31,0.31,0.31,0.93,2.89,0.52
33,Lewis Dunk,ENG,DF,Brighton & Hove Albion,26,36,36,0,3152,88,2,1,0,0,22,6,0,4,0.06,0.09,0.06,0.09,0.11,0.63,0.17
330,Scott McTominay,SCO,MF,Manchester United,21,16,9,7,861,54,2,0,0,0,11,1,0,6,0.21,0.21,0.21,0.21,0.63,1.15,0.10
331,Ciaran Clark,IRL,DFMF,Newcastle United,28,11,9,2,858,78,3,0,0,0,6,1,0,3,0.31,0.31,0.31,0.31,0.31,0.63,0.10
332,Chris Mepham,WAL,"",Bournemouth,20,13,10,3,849,65,0,1,0,0,7,1,0,0,0.00,0.11,0.00,0.11,0.00,0.74,0.11
333,Kevin McDonald,SCO,MF,Fulham,29,15,10,5,841,56,0,0,0,0,12,5,0,0,0.00,0.00,0.00,0.00,0.00,1.28,0.54
334,Morgan Schneiderlin,FRA,MF,Everton,28,14,10,4,833,60,0,1,0,0,21,2,0,0,0.00,0.11,0.00,0.11,0.00,2.27,0.22
335,Olivier Giroud,FRA,FW,Chelsea,31,27,7,20,832,31,2,4,0,0,12,1,0,10,0.22,0.65,0.22,0.65,1.08,1.30,0.11
336,Christian Benteke,BEL,FW,Crystal Palace,27,16,9,7,813,51,1,1,0,0,18,1,0,8,0.11,0.22,0.11,0.22,0.89,1.99,0.11
337,Rob Holding,ENG,DF,Arsenal,22,10,9,1,807,81,0,0,0,0,6,1,0,0,0.00,0.00,0.00,0.00,0.00,0.67,0.11
338,Danilo,BRA,DFMF,Manchester City,27,11,9,2,806,73,1,0,0,0,10,1,0,3,0.11,0.11,0.11,0.11,0.33,1.12,0.11
339,Jordon Ibe,ENG,FWMF,Bournemouth,22,19,9,10,794,42,1,1,0,0,8,1,0,3,0.11,0.23,0.11,0.23,0.34,0.91,0.11
34,Matt Doherty,IRL,DF,Wolverhampton Wanderers,26,38,35,3,3147,83,4,5,0,0,30,5,0,18,0.11,0.26,0.11,0.26,0.51,0.86,0.14
340,Timothy Fosu-Mensah,NED,DF,Fulham,20,12,10,2,794,66,0,0,0,0,7,3,0,1,0.00,0.00,0.00,0.00,0.11,0.79,0.34
341,José Izquierdo,COL,FW,Brighton & Hove Albion,26,15,9,6,794,53,0,1,0,0,6,1,0,3,0.00,0.11,0.00,0.11,0.34,0.68,0.11
342,Jonjoe Kenny,ENG,DFFW,Everton,21,10,8,2,790,79,0,1,0,0,10,1,0,0,0.00,0.11,0.00,0.11,0.00,1.14,0.11
343,Mohamed Elyounoussi,NOR,FW,Southampton,23,16,8,8,790,49,0,0,0,0,10,0,0,6,0.00,0.00,0.00,0.00,0.68,1.14,0.00
344,Miguel Almirón,PAR,MF,Newcastle United,24,10,9,1,763,76,0,0,0,0,6,0,0,8,0.00,0.00,0.00,0.00,0.94,0.71,0.00
345,Michy Batshuayi,BEL,FW,Crystal Palace,24,11,9,2,756,69,5,0,0,0,7,0,0,10,0.60,0.60,0.60,0.60,1.19,0.83,0.00
346,Ken Sema,SWE,MF,Watford,24,17,9,8,754,44,1,2,0,0,13,1,0,4,0.12,0.36,0.12,0.36,0.48,1.55,0.12
347,Kenneth Zohore,DEN,FW,Cardiff City,24,19,7,12,746,39,1,1,0,0,14,1,0,8,0.12,0.24,0.12,0.24,0.97,1.69,0.12
348,Marouane Fellaini,BEL,MF,Manchester United,30,14,6,8,746,53,0,1,0,0,15,1,0,3,0.00,0.12,0.00,0.12,0.36,1.81,0.12
349,Rachid Ghezzal,ALG,MF,Leicester City,26,19,8,11,735,39,1,0,0,0,13,3,0,5,0.12,0.12,0.12,0.12,0.61,1.59,0.37
35,Gylfi Sigurðsson,ISL,MF,Everton,28,38,36,2,3134,83,13,6,2,5,33,3,0,34,0.37,0.55,0.32,0.49,0.98,0.95,0.09
350,Fabian Delph,ENG,MF,Manchester City,28,11,8,3,724,66,0,1,0,0,6,1,1,3,0.00,0.12,0.00,0.12,0.37,0.75,0.25
351,Lewis Cook,ENG,MF,Bournemouth,21,13,8,5,721,56,0,0,0,0,12,2,0,0,0.00,0.00,0.00,0.00,0.00,1.50,0.25
352,Jon Gorenc Stankovic,SVN,MF,Huddersfield Town,22,11,9,2,717,65,1,0,0,0,9,2,0,2,0.13,0.13,0.13,0.13,0.25,1.13,0.25
353,Robbie Brady,IRL,MFFW,Burnley,26,16,6,10,716,45,0,1,0,0,12,3,1,2,0.00,0.13,0.00,0.13,0.25,1.51,0.50
354,Rúben Vinagre,POR,DF,Wolverhampton Wanderers,19,17,7,10,704,41,0,0,0,0,13,1,0,3,0.00,0.00,0.00,0.00,0.38,1.66,0.13
355,Aboubakar Kamara,FRA,FW,Fulham,23,13,5,8,690,53,3,0,1,2,24,2,0,10,0.39,0.39,0.26,0.26,1.30,3.13,0.26
356,Manuel Lanzini,ARG,MF,West Ham United,25,10,8,2,689,69,1,1,0,0,5,2,0,4,0.13,0.26,0.13,0.26,0.52,0.65,0.26
357,Sean Longstaff,ENG,MF,Newcastle United,20,9,8,1,687,76,1,0,0,0,7,2,0,2,0.13,0.13,0.13,0.13,0.26,0.92,0.26
358,Fernando Llorente,ESP,FW,Tottenham Hotspur,33,20,6,14,683,34,1,4,0,0,12,2,0,5,0.13,0.66,0.13,0.66,0.66,1.58,0.26
359,Ivan Cavaleiro,POR,MFFW,Wolverhampton Wanderers,24,23,6,17,682,30,3,1,0,0,13,1,0,4,0.40,0.53,0.40,0.53,0.53,1.72,0.13
36,Aaron Wan-Bissaka,ENG,DF,Crystal Palace,20,35,35,0,3134,90,0,3,0,0,23,4,1,0,0.00,0.09,0.00,0.09,0.00,0.66,0.14
360,Scott Dann,ENG,DF,Crystal Palace,31,10,7,3,660,66,0,1,0,0,4,1,0,1,0.00,0.14,0.00,0.14,0.14,0.55,0.14
361,Emerson Palmieri,BRA,DF,Chelsea,23,10,7,3,660,66,0,0,0,0,8,0,0,1,0.00,0.00,0.00,0.00,0.14,1.09,0.00
362,Morgan Gibbs-White,ENG,MF,Wolverhampton Wanderers,18,26,5,21,648,25,0,1,0,0,8,1,0,1,0.00,0.14,0.00,0.14,0.14,1.11,0.14
363,Daniel Amartey,GHA,MFDF,Leicester City,23,9,7,2,640,71,0,0,0,0,6,2,0,1,0.00,0.00,0.00,0.00,0.14,0.84,0.28
364,Eric Bailly,CIV,DF,Manchester United,24,12,8,4,636,53,0,0,0,0,5,0,1,1,0.00,0.00,0.00,0.00,0.14,0.71,0.14
365,Marcus Bettinelli,ENG,GK,Fulham,26,7,7,0,630,90,0,0,0,0,0,1,0,0,0.00,0.00,0.00,0.00,0.00,0.00,0.14
366,Greg Cunningham,IRL,MFDF,Cardiff City,27,7,7,0,630,90,0,0,0,0,8,3,0,1,0.00,0.00,0.00,0.00,0.14,1.14,0.43
367,Andreas Christensen,DEN,DF,Chelsea,22,8,6,2,615,77,0,0,0,0,8,1,0,0,0.00,0.00,0.00,0.00,0.00,1.17,0.15
368,Diego Rico,ESP,DF,Bournemouth,25,12,5,7,607,51,0,0,0,0,10,1,0,0,0.00,0.00,0.00,0.00,0.00,1.48,0.15
369,Grady Diangana,ENG,MF,West Ham United,20,17,6,11,604,36,0,1,0,0,4,0,0,3,0.00,0.15,0.00,0.15,0.45,0.60,0.00
37,Ricardo Pereira,POR,MFDFFW,Leicester City,24,35,35,0,3125,89,2,6,0,0,43,7,0,9,0.06,0.23,0.06,0.23,0.26,1.24,0.20
370,Ademola Lookman,ENG,FW,Everton,20,21,3,18,601,29,0,2,0,0,8,0,0,3,0.00,0.30,0.00,0.30,0.45,1.20,0.00
371,Hamza Choudhury,ENG,MF,Leicester City,20,9,7,2,596,66,0,0,0,0,7,0,0,2,0.00,0.00,0.00,0.00,0.30,1.06,0.00
372,Andreas Pereira,BRA,MF,Manchester United,22,15,6,9,594,40,1,1,0,0,12,5,0,2,0.15,0.30,0.15,0.30,0.30,1.82,0.76
373,Leon Balogun,NGA,DF,Brighton & Hove Albion,30,8,5,3,591,74,1,0,0,0,5,2,0,1,0.15,0.15,0.15,0.15,0.15,0.76,0.30
374,Joselu,ESP,FW,Newcastle United,28,16,5,11,587,37,2,0,0,0,5,1,0,5,0.31,0.31,0.31,0.31,0.77,0.77,0.15
375,Petr Cech,CZE,GK,Arsenal,36,7,7,0,585,84,0,0,0,0,0,0,0,0,0.00,0.00,0.00,0.00,0.00,0.00,0.00
376,Serge Aurier,CIV,DF,Tottenham Hotspur,25,8,6,2,563,70,0,2,0,0,17,1,0,1,0.00,0.32,0.00,0.32,0.16,2.72,0.16
377,Leandro Bacuna,CUW,MFDF,Cardiff City,26,11,4,7,554,50,0,0,0,0,13,2,0,1,0.00,0.00,0.00,0.00,0.16,2.11,0.32
378,Ben Hamer,ENG,GK,Huddersfield Town,30,7,7,0,553,79,0,0,0,0,0,0,0,0,0.00,0.00,0.00,0.00,0.00,0.00,0.00
379,Adama Diakhaby,FRA,FW,Huddersfield Town,22,12,6,6,551,46,0,0,0,0,7,1,0,3,0.00,0.00,0.00,0.00,0.49,1.14,0.16
38,Raúl Jiménez,MEX,FW,Wolverhampton Wanderers,27,38,36,2,3124,82,13,7,2,2,41,4,0,35,0.37,0.58,0.32,0.52,1.01,1.18,0.12
380,Joel Ward,ENG,DFMF,Crystal Palace,28,7,6,1,551,79,1,0,0,0,8,1,0,1,0.16,0.16,0.16,0.16,0.16,1.31,0.16
381,Yoshinori Muto,JPN,MF,Newcastle United,26,17,5,12,516,30,1,0,0,0,13,1,0,3,0.17,0.17,0.17,0.17,0.52,2.27,0.17
382,Mousa Dembélé,BEL,MF,Tottenham Hotspur,31,10,7,3,516,52,0,0,0,0,12,1,0,0,0.00,0.00,0.00,0.00,0.00,2.09,0.17
383,Kevin Long,IRL,DF,Burnley,27,6,5,1,513,86,0,1,0,0,3,0,0,0,0.00,0.18,0.00,0.18,0.00,0.53,0.00
384,Victor Wanyama,KEN,MF,Tottenham Hotspur,27,13,4,9,512,39,1,0,0,0,10,2,0,2,0.18,0.18,0.18,0.18,0.35,1.76,0.35
385,Daniel Sturridge,ENG,FWMF,Liverpool,28,18,4,14,496,28,2,1,0,0,5,1,0,6,0.36,0.54,0.36,0.54,1.09,0.91,0.18
386,Tom Cleverley,ENG,MF,Watford,28,13,4,9,470,36,1,0,0,0,8,2,0,2,0.19,0.19,0.19,0.19,0.38,1.53,0.38
387,Manolo Gabbiadini,ITA,FW,Southampton,26,12,4,8,470,39,1,0,0,0,9,0,0,8,0.19,0.19,0.19,0.19,1.53,1.72,0.00
388,Floyd Ayité,TOG,FWMF,Fulham,29,16,3,13,468,29,1,0,0,0,6,0,0,1,0.19,0.19,0.19,0.19,0.19,1.15,0.00
389,Antonio Valencia,ECU,DFMF,Manchester United,32,6,5,1,466,78,0,0,0,0,7,2,0,0,0.00,0.00,0.00,0.00,0.00,1.35,0.39
39,Craig Cathcart,NIR,DF,Watford,29,36,35,1,3098,86,3,0,0,0,18,2,0,5,0.09,0.09,0.09,0.09,0.15,0.52,0.06
390,Lucas Pérez,ESP,MFFW,West Ham United,29,15,4,11,466,31,3,0,0,0,5,0,0,3,0.58,0.58,0.58,0.58,0.58,0.97,0.00
391,Adam Lallana,ENG,FWMF,Liverpool,30,13,5,8,465,36,0,0,0,0,4,1,0,3,0.00,0.00,0.00,0.00,0.58,0.77,0.19
392,Andriy Yarmolenko,UKR,MFFW,West Ham United,28,9,5,4,460,51,2,0,0,0,8,2,0,4,0.39,0.39,0.39,0.39,0.78,1.57,0.39
393,Andy Carroll,ENG,FW,West Ham United,29,12,3,9,455,38,0,0,0,0,11,2,0,6,0.00,0.00,0.00,0.00,1.19,2.18,0.40
394,Steven Defour,BEL,MF,Burnley,30,6,6,0,452,75,0,0,0,0,1,0,0,0,0.00,0.00,0.00,0.00,0.00,0.20,0.00
395,Matteo Darmian,ITA,DF,Manchester United,28,6,5,1,443,74,0,0,0,0,3,0,0,1,0.00,0.00,0.00,0.00,0.20,0.61,0.00
396,Danny Ward,ENG,FWMF,Cardiff City,26,14,4,10,440,31,1,0,0,0,2,0,0,6,0.20,0.20,0.20,0.20,1.23,0.41,0.00
397,Stefan Johansen,NOR,MF,Fulham,27,12,4,8,411,34,0,0,0,0,6,4,0,0,0.00,0.00,0.00,0.00,0.00,1.31,0.88
398,Rajiv van La Parra,NED,MFFW,Huddersfield Town,27,5,5,0,407,81,0,0,0,0,4,0,0,0,0.00,0.00,0.00,0.00,0.00,0.88,0.00
399,Mason Holgate,ENG,DF,Everton,21,5,4,1,407,81,0,0,0,0,2,1,0,0,0.00,0.00,0.00,0.00,0.00,0.44,0.22
4,Martin Dúbravka,SVK,GK,Newcastle United,29,38,38,0,3420,90,0,0,0,0,1,1,0,0,0.00,0.00,0.00,0.00,0.00,0.03,0.03
40,N'Golo Kanté,FRA,MF,Chelsea,27,36,36,0,3095,86,4,4,0,0,35,3,0,6,0.12,0.23,0.12,0.23,0.17,1.02,0.09
400,Jack Simpson,ENG,DF,Bournemouth,21,6,4,2,403,67,0,0,0,0,3,0,0,1,0.00,0.00,0.00,0.00,0.22,0.67,0.00
401,Callum Hudson-Odoi,,MF,Chelsea,17,10,4,6,391,39,0,1,0,0,1,0,0,3,0.00,0.23,0.00,0.23,0.69,0.23,0.00
402,Jack Wilshere,ENG,MF,West Ham United,26,8,4,4,389,49,0,1,0,0,7,2,0,1,0.00,0.23,0.00,0.23,0.23,1.62,0.46
403,Jason Puncheon,ENG,MF,Huddersfield Town,32,6,5,1,383,64,0,0,0,0,9,1,0,0,0.00,0.00,0.00,0.00,0.00,2.11,0.23
404,Mohamed Elneny,EGY,MF,Arsenal,26,8,5,3,379,47,0,0,0,0,1,0,0,0,0.00,0.00,0.00,0.00,0.00,0.24,0.00
405,Leighton Baines,ENG,DF,Everton,33,6,5,1,376,63,0,0,0,0,2,0,0,1,0.00,0.00,0.00,0.00,0.24,0.48,0.00
406,Kyle Walker-Peters,ENG,DF,Tottenham Hotspur,21,6,4,2,374,62,0,3,0,0,4,1,0,0,0.00,0.72,0.00,0.72,0.00,0.96,0.24
407,Çaglar Söyüncü,TUR,DF,Leicester City,22,6,4,2,371,62,0,0,0,0,9,1,0,0,0.00,0.00,0.00,0.00,0.00,2.18,0.24
408,Kadeem Harris,ENG,MF,Cardiff City,25,13,3,10,366,28,1,0,0,0,4,1,0,3,0.25,0.25,0.25,0.25,0.74,0.98,0.25
409,Divock Origi,BEL,FWMF,Liverpool,23,12,4,8,366,31,3,1,0,0,2,0,0,6,0.74,0.98,0.74,0.98,1.48,0.49,0.00
41,James Tarkowski,ENG,DF,Burnley,25,35,35,0,3087,88,3,1,0,0,35,8,0,10,0.09,0.12,0.09,0.12,0.29,1.02,0.23
410,Håvard Nordtveit,NOR,DFMF,Fulham,28,5,4,1,361,72,0,1,0,0,5,0,0,0,0.00,0.25,0.00,0.25,0.00,1.25,0.00
411,David Button,ENG,GK,Brighton & Hove Albion,29,4,4,0,360,90,0,0,0,0,0,0,0,0,0.00,0.00,0.00,0.00,0.00,0.00,0.00
412,Lys Mousset,FRA,MF,Bournemouth,22,24,1,23,345,14,1,0,0,0,7,1,0,7,0.26,0.26,0.26,0.26,1.83,1.83,0.26
413,Dominic Solanke,ENG,FW,Bournemouth,20,10,2,8,341,34,0,1,0,0,2,0,0,3,0.00,0.26,0.00,0.26,0.79,0.53,0.00
414,Domingos Quina,NED,MF,Watford,18,8,3,5,335,42,1,0,0,0,7,0,0,1,0.27,0.27,0.27,0.27,0.27,1.88,0.00
415,Phil Jagielka,ENG,MFDF,Everton,35,7,4,3,328,47,1,0,0,0,2,0,1,1,0.27,0.27,0.27,0.27,0.27,0.55,0.27
416,Phil Foden,ENG,MF,Manchester City,18,13,3,10,327,25,1,0,0,0,4,0,0,6,0.28,0.28,0.28,0.28,1.65,1.10,0.00
417,Matej Vydra,CZE,FW,Burnley,26,13,3,10,311,24,1,1,0,0,7,1,0,3,0.29,0.58,0.29,0.58,0.87,2.03,0.29
418,Jacob Murphy,ENG,FW,Newcastle United,23,9,3,6,299,33,0,1,0,0,4,0,0,1,0.00,0.30,0.00,0.30,0.30,1.20,0.00
419,Danny Simpson,ENG,DF,Leicester City,31,6,3,3,291,49,0,0,0,0,2,0,0,0,0.00,0.00,0.00,0.00,0.00,0.62,0.00
42,Shane Duffy,IRL,DFMF,Brighton & Hove Albion,26,35,35,0,3087,88,5,1,0,0,23,4,1,16,0.15,0.17,0.15,0.17,0.47,0.67,0.15
420,Paulo Gazzaniga,ARG,GK,Tottenham Hotspur,26,3,3,0,270,90,0,0,0,0,0,0,0,0,0.00,0.00,0.00,0.00,0.00,0.00,0.00
421,Shinji Okazaki,JPN,FW,Leicester City,32,21,1,20,269,13,0,1,0,0,6,0,0,4,0.00,0.33,0.00,0.33,1.34,2.01,0.00
422,Nathaniel Chalobah,ENG,DFMF,Watford,23,9,3,6,266,30,0,0,0,0,5,2,0,1,0.00,0.00,0.00,0.00,0.34,1.69,0.68
423,Samir Nasri,FRA,MFFW,West Ham United,31,5,3,2,245,49,0,2,0,0,3,0,0,0,0.00,0.73,0.00,0.73,0.00,1.10,0.00
424,Carlos Sánchez,COL,MF,West Ham United,32,7,2,5,240,34,0,0,0,0,3,0,0,0,0.00,0.00,0.00,0.00,0.00,1.13,0.00
425,Stephen Ward,IRL,DFFWMF,Burnley,32,3,3,0,230,77,0,0,0,0,2,1,0,1,0.00,0.00,0.00,0.00,0.39,0.78,0.39
426,Vicente Iborra,ESP,MF,Leicester City,30,8,3,5,226,28,0,0,0,0,6,0,0,1,0.00,0.00,0.00,0.00,0.40,2.39,0.00
427,Oliver Skipp,ENG,MF,Tottenham Hotspur,17,8,2,6,216,27,0,0,0,0,4,0,0,0,0.00,0.00,0.00,0.00,0.00,1.67,0.00
428,Marcos Rojo,ARG,DF,Manchester United,28,5,2,3,211,42,0,0,0,0,3,2,0,4,0.00,0.00,0.00,0.00,1.71,1.28,0.85
429,Josh Sims,ENG,MF,Southampton,21,7,2,5,209,30,0,1,0,0,1,0,0,1,0.00,0.43,0.00,0.43,0.43,0.43,0.00
43,Sadio Mané,SEN,FWMF,Liverpool,26,36,35,1,3086,86,22,1,0,0,35,2,0,42,0.64,0.67,0.64,0.67,1.22,1.02,0.06
430,Christian Fuchs,AUT,DFMF,Leicester City,32,3,2,1,206,69,0,0,0,0,3,0,0,0,0.00,0.00,0.00,0.00,0.00,1.31,0.00
431,Miguel Britos,URU,DF,Watford,33,3,2,1,185,62,0,0,0,0,3,0,0,0,0.00,0.00,0.00,0.00,0.00,1.46,0.00
432,Michel Vorm,NED,GK,Tottenham Hotspur,34,2,2,0,180,90,0,0,0,0,0,0,0,0,0.00,0.00,0.00,0.00,0.00,0.00,0.00
433,Willy Caballero,ARG,GK,Chelsea,36,2,2,0,180,90,0,0,0,0,0,0,0,0,0.00,0.00,0.00,0.00,0.00,0.00,0.00
434,Fabricio,ESP,GK,Fulham,30,2,2,0,180,90,0,0,0,0,0,0,0,0,0.00,0.00,0.00,0.00,0.00,0.00,0.00
435,Mark Travers,,GK,Bournemouth,19,2,2,0,180,90,0,0,0,0,0,0,0,0,0.00,0.00,0.00,0.00,0.00,0.00,0.00
436,Cesc Fàbregas,ESP,MFFW,Chelsea,31,6,1,5,175,29,0,0,0,0,1,1,0,0,0.00,0.00,0.00,0.00,0.00,0.51,0.51
437,Alexander Sørloth,NOR,FW,Crystal Palace,22,12,0,12,173,14,0,0,0,0,4,0,0,1,0.00,0.00,0.00,0.00,0.52,2.08,0.00
438,Carl Jenkinson,ENG,DF,Arsenal,26,3,2,1,165,55,0,0,0,0,1,0,0,0,0.00,0.00,0.00,0.00,0.00,0.55,0.00
439,Alberto Moreno,ESP,DFMF,Liverpool,26,2,2,0,155,78,0,0,0,0,1,0,0,0,0.00,0.00,0.00,0.00,0.00,0.58,0.00
44,James McArthur,SCO,MF,Crystal Palace,30,38,36,2,3072,81,3,6,0,0,61,7,0,8,0.09,0.26,0.09,0.26,0.23,1.79,0.21
440,Konstantinos Mavropanos,GRE,DF,Arsenal,20,4,3,1,149,37,0,0,0,0,2,1,0,0,0.00,0.00,0.00,0.00,0.00,1.21,0.60
441,Danny Welbeck,ENG,FWMF,Arsenal,27,8,1,7,147,18,1,1,0,0,3,0,0,2,0.61,1.22,0.61,1.22,1.22,1.84,0.00
442,Tyrone Mings,ENG,DF,Bournemouth,25,5,2,3,141,28,0,0,0,0,0,0,0,0,0.00,0.00,0.00,0.00,0.00,0.00,0.00
443,Michael Obafemi,IRL,FW,Southampton,18,6,1,5,135,23,1,1,0,0,2,1,0,3,0.67,1.33,0.67,1.33,2.00,1.33,0.67
444,Jazz Richards,WAL,DFMF,Cardiff City,27,4,0,4,129,32,0,0,0,0,0,0,0,0,0.00,0.00,0.00,0.00,0.00,0.00,0.00
445,Léo Bonatini,BRA,FW,Wolverhampton Wanderers,24,7,0,7,129,18,0,1,0,0,0,0,0,1,0.00,0.70,0.00,0.70,0.70,0.00,0.00
446,Davide Zappacosta,ITA,DF,Chelsea,26,4,1,3,125,31,0,0,0,0,2,0,0,1,0.00,0.00,0.00,0.00,0.72,1.44,0.00
447,Mason Greenwood,ENG,MF,Manchester United,16,3,1,2,115,38,0,0,0,0,0,0,0,4,0.00,0.00,0.00,0.00,3.13,0.00,0.00
448,Callum Slattery,ENG,MF,Southampton,19,3,1,2,110,37,0,0,0,0,4,0,0,0,0.00,0.00,0.00,0.00,0.00,3.27,0.00
449,Nathaniel Clyne,ENG,DF,Liverpool,27,4,1,3,108,27,0,0,0,0,0,0,0,1,0.00,0.00,0.00,0.00,0.83,0.00,0.00
45,Abdoulaye Doucouré,FRA,MF,Watford,25,35,34,1,3062,88,5,6,0,0,37,7,0,17,0.15,0.32,0.15,0.32,0.50,1.09,0.21
450,Neeskens Kebano,COD,MF,Fulham,26,7,0,7,101,14,0,0,0,0,0,0,0,0,0.00,0.00,0.00,0.00,0.00,0.00,0.00
451,Steven Davis,NIR,MF,Southampton,33,3,1,2,96,32,0,1,0,0,2,0,0,0,0.00,0.94,0.00,0.94,0.00,1.87,0.00
452,Danny Williams,USA,MFDF,Huddersfield Town,29,5,1,4,93,19,0,0,0,0,3,1,0,0,0.00,0.00,0.00,0.00,0.00,2.90,0.97
453,Julián Speroni,ARG,GK,Crystal Palace,39,1,1,0,90,90,0,0,0,0,0,0,0,0,0.00,0.00,0.00,0.00,0.00,0.00,0.00
454,Joel Coleman,ENG,GK,Huddersfield Town,22,1,1,0,90,90,0,0,0,0,0,0,0,0,0.00,0.00,0.00,0.00,0.00,0.00,0.00
455,Fraser Forster,ENG,GK,Southampton,30,1,1,0,90,90,0,0,0,0,0,0,0,0,0.00,0.00,0.00,0.00,0.00,0.00,0.00
456,John Ruddy,ENG,GK,Wolverhampton Wanderers,31,1,1,0,90,90,0,0,0,0,0,0,0,0,0.00,0.00,0.00,0.00,0.00,0.00,0.00
457,Kayne Ramsey,ENG,MF,Southampton,17,1,1,0,90,90,0,0,0,0,0,0,0,0,0.00,0.00,0.00,0.00,0.00,0.00,0.00
458,Adrien Silva,POR,MF,Leicester City,29,2,1,1,88,44,0,0,0,0,1,0,0,0,0.00,0.00,0.00,0.00,0.00,1.02,0.00
459,Ibrahima Cissé,BEL,DFMF,Fulham,24,3,1,2,87,29,0,0,0,0,1,0,0,0,0.00,0.00,0.00,0.00,0.00,1.03,0.00
46,Ryan Bennett,ENG,DF,Wolverhampton Wanderers,28,34,34,0,3060,90,1,0,0,0,37,12,0,4,0.03,0.03,0.03,0.03,0.12,1.09,0.35
460,Peter Crouch,ENG,FW,Burnley,37,6,0,6,86,14,0,0,0,0,3,1,0,1,0.00,0.00,0.00,0.00,1.05,3.14,1.05
461,Marc Navarro,ESP,DF,Watford,23,2,1,1,84,42,0,0,0,0,1,0,0,0,0.00,0.00,0.00,0.00,0.00,1.07,0.00
462,Ramadan Sobhi,EGY,MF,Huddersfield Town,21,4,0,4,75,19,0,0,0,0,0,0,0,0,0.00,0.00,0.00,0.00,0.00,0.00,0.00
463,Matty Daly,ENG,MF,Huddersfield Town,17,2,0,2,73,37,0,0,0,0,0,0,0,0,0.00,0.00,0.00,0.00,0.00,0.00,0.00
464,Aaron Rowe,ENG,FW,Huddersfield Town,17,2,1,1,69,35,0,0,0,0,2,0,0,0,0.00,0.00,0.00,0.00,0.00,2.61,0.00
465,Denis Suárez,ESP,MF,Arsenal,24,4,0,4,67,17,0,0,0,0,0,0,0,0,0.00,0.00,0.00,0.00,0.00,0.00,0.00
466,Joe Willock,ENG,MF,Arsenal,18,2,1,1,64,32,0,0,0,0,0,0,0,0,0.00,0.00,0.00,0.00,0.00,0.00,0.00
467,Ben Johnson,ENG,FW,West Ham United,18,1,1,0,63,63,0,0,0,0,0,0,0,0,0.00,0.00,0.00,0.00,0.00,0.00,0.00
468,Ben Gibson,ENG,DF,Burnley,25,1,1,0,63,63,1,0,0,0,2,1,0,1,1.43,1.43,1.43,1.43,1.43,2.86,1.43
469,Eddie Nketiah,ENG,FW,Arsenal,19,5,0,5,62,12,1,0,0,0,1,0,0,1,1.45,1.45,1.45,1.45,1.45,1.45,0.00
47,Mathew Ryan,AUS,GK,Brighton & Hove Albion,26,34,34,0,3060,90,0,0,0,0,1,2,0,0,0.00,0.00,0.00,0.00,0.00,0.03,0.06
470,Connor Wickham,ENG,FWMF,Crystal Palace,25,6,0,6,61,10,0,1,0,0,3,0,0,1,0.00,1.48,0.00,1.48,1.48,4.43,0.00
471,Oumar Niasse,SEN,FWMF,Everton,28,5,0,5,58,12,0,0,0,0,3,0,0,1,0.00,0.00,0.00,0.00,1.55,4.66,0.00
472,Fousseni Diabaté,MLI,MF,Leicester City,22,1,1,0,55,55,0,0,0,0,0,0,0,0,0.00,0.00,0.00,0.00,0.00,0.00,0.00
473,Rhys Healey,ENG,FW,Cardiff City,23,3,0,3,49,16,0,0,0,0,1,0,0,0,0.00,0.00,0.00,0.00,0.00,1.84,0.00
474,Abdelhamid Sabiri,MAR,MF,Huddersfield Town,21,2,1,1,48,24,0,0,0,0,0,0,0,0,0.00,0.00,0.00,0.00,0.00,0.00,0.00
475,Demeaco Duhaney,ENG,DF,Huddersfield Town,19,1,1,0,45,45,0,0,0,0,0,0,0,0,0.00,0.00,0.00,0.00,0.00,0.00,0.00
476,Lazar Markovic,SRB,MFFW,Fulham,24,1,0,1,45,45,0,0,0,0,1,0,0,0,0.00,0.00,0.00,0.00,0.00,2.00,0.00
477,Collin Quaner,GER,FW,Huddersfield Town,27,2,0,2,37,19,0,0,0,0,2,0,0,0,0.00,0.00,0.00,0.00,0.00,4.86,0.00
478,Emerson Hyndman,USA,MF,Bournemouth,22,1,0,1,37,37,0,0,0,0,0,0,0,0,0.00,0.00,0.00,0.00,0.00,0.00,0.00
479,Tahith Chong,,"",Manchester United,18,2,0,2,36,18,0,0,0,0,0,0,0,1,0.00,0.00,0.00,0.00,2.50,0.00,0.00
48,Aymeric Laporte,FRA,DF,Manchester City,24,35,34,1,3057,87,3,3,0,0,22,3,0,7,0.09,0.18,0.09,0.18,0.21,0.65,0.09
480,Vincent Janssen,NED,FW,Tottenham Hotspur,24,3,0,3,36,12,0,0,0,0,2,0,0,1,0.00,0.00,0.00,0.00,2.50,5.00,0.00
481,Gary Madine,ENG,FW,Cardiff City,27,5,0,5,32,6,0,0,0,0,2,0,0,0,0.00,0.00,0.00,0.00,0.00,5.63,0.00
482,Sam Gallagher,ENG,FW,Southampton,22,4,0,4,30,8,0,0,0,0,4,0,0,0,0.00,0.00,0.00,0.00,0.00,12.00,0.00
483,Ben Wilmot,ENG,"",Watford,18,2,0,2,26,13,0,0,0,0,0,0,0,0,0.00,0.00,0.00,0.00,0.00,0.00,0.00
484,Victor Moses,NGA,MFFW,Chelsea,27,2,0,2,26,13,0,0,0,0,1,0,0,0,0.00,0.00,0.00,0.00,0.00,3.46,0.00
485,Bakary Sako,MLI,MF,Crystal Palace,30,4,0,4,25,6,0,0,0,0,1,0,0,0,0.00,0.00,0.00,0.00,0.00,3.60,0.00
486,Angel Gomes,ENG,MF,Manchester United,17,2,0,2,25,13,0,0,0,0,0,0,0,1,0.00,0.00,0.00,0.00,3.60,0.00,0.00
487,Stefano Okaka,ITA,FW,Watford,28,2,0,2,22,11,0,0,0,0,1,1,0,0,0.00,0.00,0.00,0.00,0.00,4.09,4.09
488,Gary Cahill,ENG,DF,Chelsea,32,2,0,2,22,11,0,0,0,0,0,0,0,0,0.00,0.00,0.00,0.00,0.00,0.00,0.00
489,Loïc Damour,FRA,MF,Cardiff City,27,2,0,2,21,11,0,0,0,0,0,0,0,0,0.00,0.00,0.00,0.00,0.00,0.00,0.00
49,Felipe Anderson,BRA,FWMF,West Ham United,25,36,36,0,3053,85,9,4,0,0,27,3,0,25,0.27,0.38,0.27,0.38,0.74,0.80,0.09
490,Jermain Defoe,ENG,FW,Bournemouth,35,4,0,4,21,5,0,0,0,0,0,0,0,1,0.00,0.00,0.00,0.00,4.29,0.00,0.00
491,Alex Oxlade-Chamberlain,ENG,MF,Liverpool,24,2,0,2,19,10,0,0,0,0,0,0,0,1,0.00,0.00,0.00,0.00,4.74,0.00,0.00
492,Harvey Elliot,ENG,FW,Fulham,"",2,0,2,18,9,0,0,0,0,0,0,0,1,0.00,0.00,0.00,0.00,5.00,0.00,0.00
493,Xande Silva,POR,FW,West Ham United,21,1,0,1,17,17,0,0,0,0,0,0,0,0,0.00,0.00,0.00,0.00,0.00,0.00,0.00
494,James McCarthy,IRL,MF,Everton,27,1,0,1,14,14,0,0,0,0,0,0,0,0,0.00,0.00,0.00,0.00,0.00,0.00,0.00
495,Sebastian Prödl,AUT,DFMF,Watford,31,1,0,1,13,13,0,0,0,0,1,0,0,0,0.00,0.00,0.00,0.00,0.00,6.92,0.00
496,Sam Surridge,ENG,"",Bournemouth,20,2,0,2,11,6,0,0,0,0,0,0,0,1,0.00,0.00,0.00,0.00,8.18,0.00,0.00
497,Jason Puncheon,ENG,MF,Crystal Palace,32,5,0,5,8,2,0,0,0,0,3,0,0,0,0.00,0.00,0.00,0.00,0.00,33.75,0.00
498,Bukayo Saka,ENG,MF,Arsenal,16,1,0,1,7,7,0,0,0,0,0,0,0,0,0.00,0.00,0.00,0.00,0.00,0.00,0.00
499,Antonio Barreca,ITA,DF,Newcastle United,23,1,0,1,4,4,0,0,0,0,0,0,0,0,0.00,0.00,0.00,0.00,0.00,0.00,0.00
5,Ederson,BRA,GK,Manchester City,24,38,38,0,3420,90,0,1,0,0,2,2,0,0,0.00,0.03,0.00,0.03,0.00,0.05,0.05
50,Sean Morrison,ENG,DF,Cardiff City,27,34,34,0,3040,89,1,3,0,0,32,6,0,10,0.03,0.12,0.03,0.12,0.30,0.95,0.18
500,Georges-Kévin N'Koudou,FRA,MF,Tottenham Hotspur,23,1,0,1,4,4,0,1,0,0,0,0,0,0,0.00,22.50,0.00,22.50,0.00,0.00,0.00
501,Luke Amos,ENG,MF,Tottenham Hotspur,21,1,0,1,2,2,0,0,0,0,0,0,0,0,0.00,0.00,0.00,0.00,0.00,0.00,0.00
502,Pape Souaré,SEN,DF,Crystal Palace,28,1,0,1,"",0,0,0,0,0,0,0,0,0,"","","","","","",""
503,Tyreke Johnson,ENG,DF,Southampton,19,1,0,1,"",0,0,0,0,0,0,0,0,0,"","","","","","",""
504,James Garner,ENG,MF,Manchester United,17,1,0,1,"",0,0,0,0,0,0,0,0,0,"","","","","","",""
505,Rafael Camacho,POR,MF,Liverpool,18,1,0,1,"",0,0,0,0,0,0,0,0,0,"","","","","","",""
506,Will Norris,ENG,GK,Wolverhampton Wanderers,24,1,0,1,"",0,0,0,0,0,0,0,0,0,"","","","","","",""
507,Max Kilman,ENG,DF,Wolverhampton Wanderers,21,1,0,1,"",0,0,0,0,0,0,0,0,0,"","","","","","",""
508,Luke Dreher,ENG,MF,Crystal Palace,19,1,0,1,"",0,0,0,0,0,0,0,0,0,"","","","","","",""
51,Wilfried Zaha,ENG,FWMF,Crystal Palace,25,34,34,0,3040,89,10,5,0,0,45,9,0,27,0.30,0.44,0.30,0.44,0.80,1.33,0.27
52,João Moutinho,POR,MF,Wolverhampton Wanderers,31,38,35,3,3039,80,1,8,0,0,55,4,0,3,0.03,0.27,0.03,0.27,0.09,1.63,0.12
53,Andros Townsend,ENG,FWMF,Crystal Palace,27,38,34,4,3018,79,6,4,0,0,10,1,0,19,0.18,0.30,0.18,0.30,0.57,0.30,0.03
54,Paul Pogba,FRA,MF,Manchester United,25,35,34,1,3011,86,13,9,7,10,54,6,0,50,0.39,0.66,0.18,0.45,1.49,1.61,0.18
55,Rúben Neves,POR,MF,Wolverhampton Wanderers,21,35,34,1,3009,86,4,3,2,2,37,8,0,16,0.12,0.21,0.06,0.15,0.48,1.11,0.24
56,Declan Rice,IRL,DF,West Ham United,19,34,34,0,3004,88,2,0,0,0,17,4,0,5,0.06,0.06,0.06,0.06,0.15,0.51,0.12
57,Joshua King,NOR,FW,Bournemouth,26,35,34,1,2974,85,12,3,5,6,52,3,0,23,0.36,0.45,0.21,0.30,0.70,1.57,0.09
58,Hugo Lloris,FRA,GK,Tottenham Hotspur,31,33,33,0,2970,90,0,0,0,0,0,0,0,0,0.00,0.00,0.00,0.00,0.00,0.00,0.00
59,Issa Diop,FRA,DF,West Ham United,21,33,33,0,2970,90,1,0,0,0,19,4,0,5,0.03,0.03,0.03,0.03,0.15,0.58,0.12
6,Jordan Pickford,ENG,GK,Everton,24,38,38,0,3420,90,0,0,0,0,1,1,0,0,0.00,0.00,0.00,0.00,0.00,0.03,0.03
60,Michael Keane,ENG,DF,Everton,25,33,33,0,2970,90,1,2,0,0,23,2,0,9,0.03,0.09,0.03,0.09,0.27,0.70,0.06
61,Lucas Digne,FRA,DF,Everton,25,35,33,2,2965,85,4,4,0,0,39,5,1,10,0.12,0.24,0.12,0.24,0.30,1.18,0.18
62,Étienne Capoue,FRA,MF,Watford,30,33,33,0,2946,89,1,3,0,0,47,14,1,4,0.03,0.12,0.03,0.12,0.12,1.44,0.46
63,Matt Ritchie,SCO,MF,Newcastle United,28,36,35,1,2941,82,2,8,1,2,55,9,0,10,0.06,0.31,0.03,0.28,0.31,1.68,0.28
64,Ayoze Pérez,ESP,FW,Newcastle United,25,37,34,3,2929,79,12,2,0,0,46,2,0,28,0.37,0.43,0.37,0.43,0.86,1.41,0.06
65,Eden Hazard,BEL,FWMF,Chelsea,27,37,32,5,2926,79,16,15,4,4,12,2,0,43,0.49,0.95,0.37,0.83,1.32,0.37,0.06
66,Toby Alderweireld,BEL,DF,Tottenham Hotspur,29,34,33,1,2923,86,0,0,0,0,10,3,0,5,0.00,0.00,0.00,0.00,0.15,0.31,0.09
67,Antonio Rüdiger,GER,DF,Chelsea,25,33,33,0,2874,87,1,0,0,0,29,7,0,6,0.03,0.03,0.03,0.03,0.19,0.91,0.22
68,Bernardo Silva,POR,MFFW,Manchester City,23,36,31,5,2853,79,7,7,0,0,31,3,0,22,0.22,0.44,0.22,0.44,0.69,0.98,0.09
69,James Maddison,ENG,MF,Leicester City,21,36,35,1,2848,79,7,7,1,2,26,4,0,29,0.22,0.44,0.19,0.41,0.92,0.82,0.13
7,Kasper Schmeichel,DEN,GK,Leicester City,31,38,38,0,3420,90,0,0,0,0,0,3,0,0,0.00,0.00,0.00,0.00,0.00,0.00,0.08
70,Bernd Leno,GER,GK,Arsenal,26,32,31,1,2835,89,0,0,0,0,0,0,0,0,0.00,0.00,0.00,0.00,0.00,0.00,0.00
71,Idrissa Gana Gueye,SEN,MF,Everton,28,33,32,1,2825,86,0,2,0,0,54,6,0,4,0.00,0.06,0.00,0.06,0.13,1.72,0.19
72,Roberto Pereyra,ARG,MF,Watford,27,33,33,0,2824,86,6,1,0,0,27,3,0,21,0.19,0.22,0.19,0.22,0.67,0.86,0.10
73,Ashley Westwood,ENG,MF,Burnley,28,34,31,3,2822,83,2,7,0,0,30,5,0,7,0.06,0.29,0.06,0.29,0.22,0.96,0.16
74,Steve Cook,ENG,MFDF,Bournemouth,27,31,31,0,2787,90,1,1,0,0,18,3,0,9,0.03,0.06,0.03,0.06,0.29,0.58,0.10
75,Jonny Castro,ESP,DF,Wolverhampton Wanderers,24,33,32,1,2779,84,1,1,0,0,23,6,0,7,0.03,0.06,0.03,0.06,0.23,0.74,0.19
76,Kyle Walker,ENG,DF,Manchester City,28,33,30,3,2777,84,1,1,0,0,15,3,0,4,0.03,0.06,0.03,0.06,0.13,0.49,0.10
77,Jonas Lössl,DEN,GK,Huddersfield Town,29,31,30,1,2777,90,0,1,0,0,0,1,0,0,0.00,0.03,0.00,0.03,0.00,0.00,0.03
78,Raheem Sterling,ENG,MFFW,Manchester City,23,34,31,3,2777,82,17,9,0,0,41,3,0,39,0.55,0.84,0.55,0.84,1.26,1.33,0.10
79,Christian Eriksen,DEN,DFMF,Tottenham Hotspur,26,35,30,5,2772,79,8,12,0,0,17,3,0,31,0.26,0.65,0.26,0.65,1.01,0.55,0.10
8,Alisson,BRA,GK,Liverpool,25,38,38,0,3420,90,0,0,0,0,0,1,0,0,0.00,0.00,0.00,0.00,0.00,0.00,0.03
80,Pierre Højbjerg,DEN,MF,Southampton,22,31,31,0,2762,89,4,3,0,0,50,8,1,19,0.13,0.23,0.13,0.23,0.62,1.63,0.29
81,Marcos Alonso,ESP,DF,Chelsea,27,31,31,0,2761,89,2,4,0,0,28,6,0,7,0.07,0.20,0.07,0.20,0.23,0.91,0.20
82,Jamaal Lascelles,ENG,DF,Newcastle United,24,32,32,0,2745,86,0,1,0,0,16,4,0,1,0.00,0.03,0.00,0.03,0.03,0.52,0.13
83,Georginio Wijnaldum,NED,MF,Liverpool,27,35,32,3,2736,78,3,0,0,0,19,3,0,10,0.10,0.10,0.10,0.10,0.33,0.62,0.10
84,Jamie Vardy,ENG,FW,Leicester City,31,34,30,4,2735,80,18,4,4,5,20,3,1,40,0.59,0.72,0.46,0.59,1.32,0.66,0.13
85,Pierre-Emerick Aubameyang,GAB,MFFW,Arsenal,29,36,30,6,2732,76,22,5,4,5,13,0,0,40,0.72,0.89,0.59,0.76,1.32,0.43,0.00
86,Terence Kongolo,NED,DF,Huddersfield Town,24,32,32,0,2722,85,1,1,0,0,20,4,0,4,0.03,0.07,0.03,0.07,0.13,0.66,0.13
87,Richarlison,BRA,FW,Everton,21,35,32,3,2678,77,13,1,0,0,33,5,1,30,0.44,0.47,0.44,0.47,1.01,1.11,0.20
88,Joe Bennett,ENG,DF,Cardiff City,28,30,30,0,2641,88,0,1,0,0,21,5,0,3,0.00,0.03,0.00,0.03,0.10,0.72,0.17
89,Roberto Firmino,BRA,FWMF,Liverpool,26,34,31,3,2620,77,12,6,1,1,40,0,0,35,0.41,0.62,0.38,0.58,1.20,1.37,0.00
9,David de Gea,ESP,GK,Manchester United,27,38,38,0,3420,90,0,0,0,0,1,1,0,0,0.00,0.00,0.00,0.00,0.00,0.03,0.03
90,Shkodran Mustafi,GER,DF,Arsenal,26,31,31,0,2615,84,2,0,0,0,42,9,0,9,0.07,0.07,0.07,0.07,0.31,1.45,0.31
91,Sergio Rico,ESP,GK,Fulham,24,29,29,0,2610,90,0,0,0,0,1,1,0,0,0.00,0.00,0.00,0.00,0.00,0.03,0.03
92,Kurt Zouma,FRA,DF,Everton,23,32,29,3,2609,82,2,2,0,0,21,4,0,3,0.07,0.14,0.07,0.14,0.10,0.72,0.14
93,Salomón Rondón,VEN,FW,Newcastle United,28,32,30,2,2608,82,11,7,0,0,22,1,0,29,0.38,0.62,0.38,0.62,1.00,0.76,0.03
94,Victor Lindelöf,SWE,DF,Manchester United,24,30,29,1,2602,87,1,1,0,0,20,1,0,1,0.03,0.07,0.03,0.07,0.03,0.69,0.03
95,Harry Maguire,ENG,DF,Leicester City,25,31,31,0,2598,84,3,0,0,0,20,6,1,13,0.10,0.10,0.10,0.10,0.45,0.69,0.24
96,Chris Wood,NZL,FW,Burnley,26,38,29,9,2595,68,10,2,0,0,28,2,0,24,0.35,0.42,0.35,0.42,0.83,0.97,0.07
97,Denis Odoi,BEL,DF,Fulham,30,31,29,2,2594,84,0,1,0,0,37,4,0,1,0.00,0.03,0.00,0.03,0.03,1.28,0.14
98,Luke Shaw,ENG,DFMF,Manchester United,23,29,29,0,2592,89,1,4,0,0,42,11,0,7,0.03,0.17,0.03,0.17,0.24,1.46,0.38
99,Calum Chambers,ENG,DF,Fulham,23,31,29,2,2586,83,2,0,0,0,35,9,0,11,0.07,0.07,0.07,0.07,0.38,1.22,0.31
